id,subject,chapter,group,case_stem,image,question,option_a,option_b,option_c,option_d,option_e,option_f,correct_answer,explanation
sly-than-001,sinh-ly,Cân bằng nước - điện giải & lọc cầu thận cơ bản,Thận,,,Giảm tiết K+ ở ống lượn xa xảy ra khi?,kiềm chuyển hóa,chế độ ăn nhiều K+,cường aldosteron,dùng spironolactone,dùng thuốc lợi tiểu thiazide,,d,"Bài tiết K+ ở ống lượn xa bị giảm bởi các yếu tố làm giảm lực đẩy cần thiết cho khuếch tán thụ động của K+. Spironolactone là chất đối kháng aldosterone nên làm giảm bài tiết K+. Kiềm chuyển hoá, ăn nhiều K+ và cường aldosteron đều làm tăng bài tiết K+; thiazide làm tăng lưu lượng qua ống lượn xa và pha loãng [K+] trong lòng ống để tăng lực đẩy bài tiết K+."
sly-than-002,sinh-ly,Cân bằng nước - điện giải & lọc cầu thận cơ bản,Thận,,,"Jared và Adam đều nặng 70 kg. Jared uống 2 L nước cất và Adam uống 2 L NaCl đẳng trương. Sau uống, Adam sẽ?",thay đổi lớn hơn về thể tích dịch nội bào (ICF),độ thanh thải nước tự do dương cao hơn (CH2O),thay đổi lớn hơn về độ thẩm thấu huyết tương,độ thẩm thấu nước tiểu cao hơn,tốc độ dòng nước tiểu cao hơn,,d,"Jared (uống nước cất) tăng cả ICF và ECF, giảm độ thẩm thấu huyết tương, ức chế ADH và CH2O, tạo nước tiểu loãng tốc độ cao. Adam (NaCl đẳng trương) chỉ tăng ECF, không đổi độ thẩm thấu huyết tương; vì ADH của Adam không bị ức chế nên độ thẩm thấu nước tiểu của Adam cao hơn, tốc độ dòng nước tiểu và CH2O thấp hơn Jared."
sly-than-003,sinh-ly,Cân bằng nước - điện giải & lọc cầu thận cơ bản,Thận,"Nữ 45 tuổi bị tiêu chảy nặng khi đi nghỉ mát. Cô ấy có các giá trị máu động mạch: pH 7,25, PCO2 24 mmHg, [HCO3-] 10 mEq/L. Mẫu máu tĩnh mạch thấy [K+] máu giảm và khoảng trống anion bình thường.",,Chẩn đoán đúng cho bệnh nhân này là?,toan chuyển hóa,kiềm chuyển hóa,toan hô hấp,kiềm hô hấp,trạng thái acid-base bình thường,,a,"pH acid cùng giảm HCO3- và giảm PCO2 phù hợp với toan chuyển hóa có bù trừ hô hấp (tăng thông khí). Tiêu chảy làm mất HCO3- qua đường tiêu hóa, gây toan chuyển hóa."
sly-than-004,sinh-ly,Cân bằng nước - điện giải & lọc cầu thận cơ bản,Thận,"Nữ 45 tuổi bị tiêu chảy nặng khi đi nghỉ mát. Cô ấy có các giá trị máu động mạch: pH 7,25, PCO2 24 mmHg, [HCO3-] 10 mEq/L. Mẫu máu tĩnh mạch thấy [K+] máu giảm và khoảng trống anion bình thường.",,Phát biểu nào sau đây về bệnh nhân này là đúng?,Cô ấy đang giảm thông khí,[HCO3-] động mạch giảm là kết quả của quá trình đệm H+ dư thừa bởi HCO3-,Giảm [K+] trong máu là do đổi H+ nội bào lấy K+ ngoại bào,Giảm [K+] trong máu là do tăng nồng độ aldosteron trong tuần hoàn,Giảm [K+] trong máu là do giảm nồng độ hormone chống bài niệu (ADH) trong tuần hoàn,,d,"[HCO3-] động mạch giảm do mất HCO3- qua đường tiêu hóa do tiêu chảy, không phải do đệm H+ dư thừa. Bệnh nhân đang tăng thông khí để bù hô hấp. Hạ kali máu không do đổi H+ nội bào lấy K+ (vì H+ ngoại bào tăng, thúc đẩy trao đổi ngược hướng). Aldosterone tăng do giảm thể tích ECF, dẫn đến tăng bài tiết K+ ở ống lượn xa và hạ kali máu."
sly-than-005,sinh-ly,Cân bằng nước - điện giải & lọc cầu thận cơ bản,Thận,,,"Sử dụng các giá trị: Áp suất thủy tĩnh mao mạch cầu thận 47 mmHg, áp suất thủy tĩnh khoang Bowman 10 mmHg, áp suất keo khoang Bowman 0 mmHg. Tại giá trị nào của áp suất keo mao mạch cầu thận thì quá trình lọc cầu thận ngừng lại?",57 mmHg,47 mmHg,37 mmHg,10 mmHg,0 mmHg,,c,"Lọc cầu thận dừng khi áp suất siêu lọc thực bằng 0, tức khi lực hỗ trợ lọc (47 mmHg) bằng đúng lực phản lọc (10 mmHg + áp suất keo mao mạch). Vậy áp suất keo mao mạch = 47-10 = 37 mmHg."
sly-than-006,sinh-ly,Cân bằng nước - điện giải & lọc cầu thận cơ bản,Thận,,,Sự tái hấp thu HCO3- đã lọc?,là do tái hấp thu dưới 50% lượng đã lọc khi nồng độ HCO3 trong huyết tương là 24 mEq/L,"acid hóa dịch ống thận đến độ pH là 4,4",liên kết trực tiếp với sự bài xuất H+ dưới dạng NH4+,bị ức chế do giảm PCO2 động mạch,có thể tiến hành bình thường khi có mặt của chất ức chế anhydrase carbonic ở thận,,d,Giảm PCO2 động mạch gây giảm tái hấp thu HCO3- đã lọc bằng cách giảm cung cấp H+ trong tế bào ống thận để bài tiết vào lòng ống. Tái hấp thu HCO3- đã lọc gần như 100% và cần carbonic anhydrase ở diềm bàn chải; quá trình này ít acid hóa nước tiểu và không liên quan trực tiếp đến bài tiết H+ dưới dạng acid chuẩn độ hay NH4+.
sly-than-007,sinh-ly,Cân bằng nước - điện giải & lọc cầu thận cơ bản,Thận,"Huyết tương: [Inulin] 1 mg/mL, [X] 2 mg/mL. Nước tiểu: [Inulin] 150 mg/mL, [X] 100 mg/mL, lưu lượng niệu 1 mL/phút. Giả sử X được lọc tự do.",,Phát biểu nào sau đây đúng nhất?,Có sự bài tiết thực của X,Có sự tái hấp thu thực của X,Có cả tái hấp thu và bài tiết X,Độ thanh thải của X có thể được sử dụng để đo tốc độ lọc cầu thận (GFR),Độ thanh thải của X lớn hơn độ thanh thải inulin,,b,"GFR = 150 mg/mL × 1 mL/phút ÷ 1 mg/mL = 150 mL/phút. CX = 100 mg/mL × 1 mL/phút ÷ 2 mg/mL = 50 mL/phút. Vì CX (50) nhỏ hơn GFR/độ thanh thải inulin (150), phải có sự tái hấp thu thực của X. Chỉ riêng dữ liệu độ thanh thải không thể xác định có bài tiết đồng thời hay không."
sly-than-008,sinh-ly,Cân bằng nước - điện giải & lọc cầu thận cơ bản,Thận,,,"Để duy trì cân bằng H+ bình thường, thì tổng bài xuất H+ hàng ngày phải bằng lượng nào hàng ngày?",lượng acid cố định tạo ra cộng với lượng acid cố định ăn vào,lượng bài xuất HCO3-,lượng tải lọc HCO3-,lượng bài xuất acid chuẩn độ,lượng tải lọc của H+,,a,Tổng sản xuất H+ cố định hàng ngày từ dị hóa protein và phospholipid (cộng H+ cố định ăn vào) phải bằng tổng bài xuất H+ dưới dạng acid chuẩn độ cộng NH4+ để duy trì cân bằng acid-base.
sly-than-009,sinh-ly,Cân bằng nước - điện giải & lọc cầu thận cơ bản,Thận,,,"Một gam mannitol được tiêm vào một người nữ. Sau khi cân bằng, mẫu huyết tương có nồng độ mannitol là 0,08 g/L. Trong thời gian cân bằng, 20% lượng mannitol tiêm đã được bài xuất qua nước tiểu. Người phụ nữ này có?",thể tích dịch ngoại bào (ECF) là 1 L,thể tích dịch nội bào (ICF) là 1 L,thể tích ECF là 10 L,thể tích ICF là 10 L,"thể tích kẽ là 12,5 L",,c,"Mannitol là marker thể tích ECF. Thể tích ECF = lượng mannitol còn lại/nồng độ = (1g - 0,2g)/0,08 g/L = 10 L."
sly-than-010,sinh-ly,Cân bằng nước - điện giải & lọc cầu thận cơ bản,Thận,,,"Nam 58 tuổi được làm xét nghiệm dung nạp glucose. Khi nồng độ glucose huyết tương cao hơn mức vận chuyển tối đa (Tm), thì?",độ thanh thải glucose bằng 0,tốc độ bài xuất glucose bằng tốc độ lọc của glucose,tốc độ tái hấp thu glucose bằng tốc độ lọc glucose,tốc độ bài xuất glucose tăng khi tăng nồng độ glucose trong huyết tương,nồng độ glucose trong tĩnh mạch thận bằng nồng độ glucose động mạch thận,,d,"Ở nồng độ lớn hơn Tm, chất mang bão hòa nên tốc độ tái hấp thu không còn phù hợp với tốc độ lọc; phần chênh lệch được bài xuất, và khi glucose huyết tương tăng thêm, bài xuất glucose cũng tăng thêm tương ứng."
sly-than-011,sinh-ly,Cân bằng nước - điện giải & lọc cầu thận cơ bản,Thận,,,Độ thanh thải nước tự do âm (-CH2O) sẽ xảy ra ở một người?,uống 2 L nước cất trong 30 phút,bắt đầu bài xuất một lượng lớn nước tiểu với độ thẩm thấu 100 mOsm/L sau một tổn thương đầu nghiêm trọng,đang được điều trị bằng lithium trong trầm cảm và đa niệu không đáp ứng với ADH,"bị ung thư biểu mô tế bào yến mạch của phổi, và bài tiết nước tiểu với độ thẩm thấu 1.000 mOsm/L",,,d,"CH2O âm xảy ra khi nước tiểu ưu thẩm (độ thẩm thấu > huyết tương, ví dụ 1.000 mOsm/L do SIADH cận ung thư). Các trường hợp còn lại đều tạo nước tiểu nhược thẩm/đẳng thẩm (CH2O dương)."
sly-than-012,sinh-ly,Cân bằng nước - điện giải & lọc cầu thận cơ bản,Thận,,,"Một cặp đệm (HA/A-) có pK là 5,4. Ở pH máu là 7,4, nồng độ của HA là?",1/100 so với A-,1/10 so với A-,bằng với A-,gấp 10 lần so với A-,gấp 100 lần so với A-,,a,"Henderson-Hasselbalch: pH = pK + log(A-/HA) → 7,4 = 5,4 + log(A-/HA) → log(A-/HA) = 2 → A-/HA = 100, tức HA = 1/100 so với A-."
sly-than-013,sinh-ly,Vận chuyển ống thận & điều hoà Ca-Mg-K,Thận,,,Điều nào sau đây làm tăng tái hấp thu dịch đẳng thấm ở ống lượn gần?,Tăng tỉ lệ lọc,Tăng thể tích dịch ngoại bào (ECF),Giảm nồng độ protein mao mạch quanh ống thận,Tăng áp lực thủy tĩnh mao mạch quanh ống thận,Thiếu oxy,,a,"Tăng phân suất lọc làm tăng nồng độ protein và áp suất keo máu rời mao mạch cầu thận, nguồn cấp máu mao mạch quanh ống thận, thúc đẩy tái hấp thu ở ống lượn gần. Tăng ECF, giảm protein quanh ống, tăng áp lực thủy tĩnh quanh ống và thiếu oxy đều ức chế tái hấp thu."
sly-than-014,sinh-ly,Vận chuyển ống thận & điều hoà Ca-Mg-K,Thận,,,Có thể dùng chất hoặc tổ hợp chất nào sau đây để đo thể tích dịch kẽ?,Mannitol,Chỉ mình D2O,Xanh Evans,Inulin và D2O,Inulin và albumin phóng xạ,,e,Thể tích dịch kẽ được đo gián tiếp bằng hiệu số thể tích ECF (marker: inulin) và thể tích huyết tương (marker: albumin phóng xạ).
sly-than-015,sinh-ly,Vận chuyển ống thận & điều hoà Ca-Mg-K,Thận,,,"Ở nồng độ acid para-aminohippuric (PAH) trong huyết tương dưới mức vận chuyển tối đa (Tm), thì?",tái hấp thu PAH không bão hòa,độ thanh thải PAH bằng độ thanh thải inulin,tốc độ bài tiết PAH bằng tốc độ bài xuất PAH,nồng độ PAH trong tĩnh mạch thận gần bằng 0,nồng độ PAH trong tĩnh mạch thận bằng nồng độ PAH trong động mạch thận,,d,"Dưới Tm, tổng quá trình lọc cộng bài tiết loại bỏ gần như toàn bộ PAH khỏi huyết tương thận nên nồng độ PAH tĩnh mạch thận gần bằng 0. Độ thanh thải PAH lớn hơn inulin vì PAH vừa được lọc vừa được bài tiết."
sly-than-016,sinh-ly,Vận chuyển ống thận & điều hoà Ca-Mg-K,Thận,,,"So với một người uống 2 L nước cất, một người thiếu nước sẽ có?",độ thanh thải nước tự do cao hơn (CH2O),độ thẩm thấu huyết tương thấp hơn,mức trong tuần hoàn của ADH thấp hơn,nồng độ dịch/huyết tương (TF/P) cao hơn ở ống lượn gần,tỷ lệ tái hấp thu H2O cao hơn trong ống góp,,e,"Người thiếu nước có độ thẩm thấu huyết tương cao hơn và ADH tuần hoàn cao hơn, làm tăng tái hấp thu H2O ở ống góp và CH2O âm. TF/P thẩm thấu ở ống lượn gần không bị ảnh hưởng bởi ADH."
sly-than-017,sinh-ly,Vận chuyển ống thận & điều hoà Ca-Mg-K,Thận,,,Điều nào sau đây sẽ làm tăng cả tốc độ lọc cầu thận (GFR) và lưu lượng huyết tương thận (RPF)?,Tăng protein máu,Sỏi niệu quản,Giãn tiểu động mạch đến,Giãn tiểu động mạch đi,Co tiểu động mạch đi,,c,"Giãn tiểu động mạch đến làm tăng cả RPF (giảm sức cản mạch thận) và GFR (tăng áp suất thủy tĩnh mao mạch cầu thận). Giãn tiểu động mạch đi tăng RPF nhưng giảm GFR; co tiểu động mạch đi giảm RPF nhưng tăng GFR; tăng protein máu và sỏi niệu quản đều cản trở lọc, giảm GFR."
sly-than-018,sinh-ly,Rối loạn toan-kiềm: bài tập khí máu,Thận,,,"Một bệnh nhân có trị số máu động mạch: pH 7,52, PCO2 20 mmHg, [HCO3-] 16 mEq/L. Phát biểu nào sau đây có nhiều khả năng đúng nhất?",Anh ấy đang giảm thông khí,Anh ấy có giảm [Ca2+] ion hóa trong máu,Anh ta gần như bù hô hấp hoàn toàn,Anh ta bị rối loạn acid-base gây ra bởi sản xuất thừa acid cố định,Sự bù trừ thích hợp của thận sẽ làm cho [HCO3-] động mạch của anh ấy tăng lên,,b,"pH kiềm, PCO2 thấp, HCO3- thấp phù hợp với kiềm hô hấp nguyên phát (do tăng thông khí, không phải giảm thông khí, không có bù hô hấp cho rối loạn hô hấp nguyên phát). Trong kiềm hô hấp, [H+] giảm khiến ít H+ gắn vào vị trí tích điện âm trên protein huyết tương, làm nhiều Ca2+ gắn với protein hơn, do đó [Ca2+] ion hóa giảm. Bù trừ của thận (giảm tái hấp thu HCO3-) sẽ làm giảm (không tăng) [HCO3-] động mạch."
sly-than-019,sinh-ly,Vận chuyển ống thận & điều hoà Ca-Mg-K,Thận,,,Điều nào sau đây sẽ phân biệt tốt nhất giữa một người khỏe mạnh bị thiếu nước nghiêm trọng với một người mắc hội chứng tiết ADH không phù hợp (SIADH)?,Độ thanh thải nước tự do (CH2O),Độ thẩm thấu nước tiểu,Độ thẩm thấu huyết tương,Nồng độ trong tuần hoàn của ADH,Độ dốc thẩm thấu vỏ nhú,,c,"Cả hai đều có nước tiểu ưu thẩm, CH2O âm, gradient vỏ nhú bình thường và ADH tuần hoàn cao. Người thiếu nước có độ thẩm thấu huyết tương cao (do mất nước thật sự), còn người SIADH có độ thẩm thấu huyết tương thấp (do pha loãng bởi tái hấp thu nước không phù hợp)."
sly-than-020,sinh-ly,Vận chuyển ống thận & điều hoà Ca-Mg-K,Thận,,,Nguyên nhân nào sau đây làm giảm độ thanh thải Ca2+ ở thận?,Suy tuyến cận giáp,Điều trị bằng chlorothiazide,Điều trị bằng furosemide,Tăng thể tích dịch ngoại bào (ECF),Tăng magie máu,,b,"Thiazide làm tăng tái hấp thu Ca2+ ở ống lượn xa, do đó làm giảm bài xuất và thanh thải Ca2+. Thiếu PTH làm tăng thanh thải Ca2+; furosemide ức chế tái hấp thu Na+ (và Ca2+ đi kèm) ở nhánh lên dày; tăng ECF ức chế tái hấp thu Na+/Ca2+ ở ống lượn gần; Mg2+ cạnh tranh với Ca2+ ở nhánh lên dày nên tăng Mg2+ máu làm tăng thanh thải Ca2+ — tất cả các đáp án còn lại đều làm TĂNG thanh thải Ca2+."
sly-than-021,sinh-ly,Vận chuyển ống thận & điều hoà Ca-Mg-K,Thận,"Một bệnh nhân đến phòng cấp cứu có huyết áp động mạch thấp, giảm độ đàn hồi mô (véo da mất chậm) và các chỉ số máu động mạch: pH 7,69, [HCO3-] 57 mEq/L, PCO2 48 mmHg.",,Đáp ứng nào sau đây cũng sẽ xảy ra ở bệnh nhân này?,Tăng thông khí,Giảm bài tiết K+ ở ống lượn xa,Tăng tỷ lệ H2PO4- so với HPO4-2 trong nước tiểu,Đổi H+ nội bào lấy K+ ngoại bào,,,d,"pH kiềm, HCO3- và PCO2 đều tăng, phù hợp kiềm chuyển hóa có bù hô hấp (giảm thông khí, không tăng). Huyết áp thấp và véo da mất chậm cho thấy giảm ECF. [H+] máu giảm khiến H+ nội bào rời tế bào để đổi lấy K+ ngoại bào (gây hạ kali máu). Bài tiết H+ (và tỷ lệ H2PO4-/HPO4-2) trong nước tiểu giảm; bài tiết K+ ở ống lượn xa tăng (không giảm) do aldosterone tăng thứ phát vì giảm ECF."
sly-than-022,sinh-ly,Vận chuyển ống thận & điều hoà Ca-Mg-K,Thận,,,Nữ có độ thẩm thấu huyết tương là 300 mOsm/L và độ thẩm thấu nước tiểu là 1200 mOsm/L. Chẩn đoán chính xác là?,hội chứng tiết ADH không phù hợp (SIADH),thiếu nước,đái tháo nhạt trung ương,đái tháo nhạt do thận,uống một lượng lớn nước cất,,b,"Độ thẩm thấu huyết tương ở mức cao hơn bình thường kích thích ADH; nước tiểu ưu thẩm là đáp ứng phù hợp, cho thấy tình trạng thiếu nước. SIADH cũng cho nước tiểu ưu thẩm nhưng độ thẩm thấu huyết tương sẽ THẤP hơn bình thường (do giữ nước quá mức); đái tháo nhạt và uống nhiều nước cất đều cho nước tiểu nhược thẩm."
sly-than-023,sinh-ly,Vận chuyển ống thận & điều hoà Ca-Mg-K,Thận,,,"Một bệnh nhân được truyền acid para-aminohippuric (PAH) để đo lưu lượng máu qua thận (RBF). Cô ấy có tốc độ dòng nước tiểu 1 mL/phút, [PAH] huyết tương 1 mg/mL, [PAH] nước tiểu 600 mg/mL, hematocrit 45%. RBF ""hiệu quả"" của cô ấy là mấy?",600 mL/phút,660 mL/phút,1091 mL/phút,1333 mL/phút,,,c,"RPF (độ thanh thải PAH) = (600 mg/mL × 1 mL/phút)/1 mg/mL = 600 mL/phút. RBF = RPF/(1-hematocrit) = 600/(1-0,45) = 1091 mL/phút."
sly-than-024,sinh-ly,Cân bằng nước - điện giải & lọc cầu thận cơ bản,Thận,,,Chất nào sau đây có độ thanh thải qua thận cao nhất?,Para-aminohippuric acid (PAH),Inulin,Glucose,Na+,Cl-,,a,"PAH có độ thanh thải lớn nhất vì vừa được lọc vừa được bài tiết chủ động. Inulin chỉ được lọc (không tái hấp thu/bài tiết). Glucose, Na+, Cl- đều được lọc rồi tái hấp thu một phần/toàn bộ nên độ thanh thải thấp hơn độ thanh thải inulin."
sly-than-025,sinh-ly,Cân bằng nước - điện giải & lọc cầu thận cơ bản,Thận,,,"Một người phụ nữ chạy marathon trong thời tiết 90°F và bù lại lượng mồ hôi đã mất bằng cách uống nước cất. Sau cuộc thi marathon, cô ấy sẽ có?",giảm tổng lượng nước trong cơ thể (TBW),giảm hematocrit,giảm thể tích dịch nội bào (ICF),giảm độ thẩm thấu huyết tương,tăng độ thẩm thấu nội bào,,d,"Đổ mồ hôi (mất NaCl và H2O) rồi chỉ bù lại bằng H2O khiến cô ấy mất NaCl mà không mất H2O ròng, làm giảm độ thẩm thấu huyết tương/ngoại bào; nước sẽ dịch chuyển từ ECF vào ICF (ICF tăng, không giảm). TBW không đổi vì lượng mất qua mồ hôi được bù đủ bằng nước uống; hematocrit tăng (không giảm) do nước dịch chuyển vào hồng cầu."
sly-than-026,sinh-ly,Vận chuyển ống thận & điều hoà Ca-Mg-K,Thận,,,Nguyên nhân nào sau đây gây tăng kali máu?,Hoạt động thể lực,Nhiễm kiềm,Tiêm insulin,Giảm độ thẩm thấu huyết thanh,Điều trị bằng thuốc chủ vận ß,,a,"Hoạt động thể lực gây dịch chuyển K+ từ tế bào vào máu, gây tăng kali máu. Nhiễm kiềm, insulin, thuốc chủ vận beta và giảm độ thẩm thấu huyết thanh đều gây dịch chuyển K+ từ máu vào tế bào, gây hạ kali máu."
sly-than-027,sinh-ly,Vận chuyển ống thận & điều hoà Ca-Mg-K,Thận,,,Nguyên nhân nào sau đây gây nhiễm kiềm chuyển hóa?,Tiêu chảy,Suy thận mạn,Uống ethylene glycol,Điều trị bằng acetazolamid,Cường aldosteron,Ngộ độc salicylat,e,"Cường aldosteron làm tăng bài tiết H+ ở ống lượn xa và tăng tái hấp thu HCO3- mới, gây kiềm chuyển hóa. Tiêu chảy và acetazolamide gây mất HCO3-, dẫn đến toan chuyển hóa tăng clo máu; suy thận mạn, ngộ độc ethylene glycol và salicylat gây toan chuyển hóa tăng khoảng trống anion."
sly-than-028,sinh-ly,Vận chuyển ống thận & điều hoà Ca-Mg-K,Thận,,,Tác dụng nào sau đây là của hormone tuyến cận giáp (PTH) trên ống thận?,Kích thích adenylate cyclase,Ức chế bài tiết K+ ở ống lượn xa,Ức chế tái hấp thu Ca2+ ở ống lượn xa,Kích thích tái hấp thu phosphate ở ống lượn gần,"Ức chế sản xuất 1,25-dihydroxycholecalciferol",,a,"PTH tác động lên ống thận qua kích thích adenylyl cyclase, tạo cAMP. Tác dụng chính là ỨC CHẾ (không kích thích) tái hấp thu phosphate ở ống lượn gần, KÍCH THÍCH (không ức chế) tái hấp thu Ca2+ ở ống lượn xa và kích thích (không ức chế) sản xuất 1,25-dihydroxycholecalciferol. PTH không ảnh hưởng đến trao đổi K+."
sly-than-029,sinh-ly,Vận chuyển ống thận & điều hoà Ca-Mg-K,Thận,,,"Một người đàn ông bị tăng huyết áp và hạ kali máu. Khí máu động mạch: pH 7,5, HCO3- 32 mEq/L. Cortisol huyết thanh và VMA nước tiểu bình thường, aldosterone huyết thanh tăng, hoạt độ renin huyết tương giảm. Nguyên nhân có khả năng nhất gây tăng huyết áp của ông ấy?",Hội chứng Cushing,Bệnh Cushing,Hội chứng Conn,Hẹp động mạch thận,U tủy thượng thận,,c,"Tăng huyết áp, hạ kali máu, kiềm chuyển hóa, tăng aldosterone huyết thanh và giảm hoạt độ renin đều phù hợp với cường aldosteron nguyên phát (hội chứng Conn) — huyết áp tăng làm tăng tưới máu thận, ức chế bài tiết renin. Cortisol và ACTH bình thường loại trừ hội chứng/bệnh Cushing; hẹp động mạch thận có renin tăng (không giảm); u tủy thượng thận bị loại trừ vì VMA nước tiểu bình thường."
sly-than-030,sinh-ly,Rối loạn toan-kiềm: bài tập khí máu,Thận,Bảng giá trị khí máu động mạch (A) pH 7.65/HCO3- 48/PCO2 45; (B) pH 7.50/HCO3- 15/PCO2 20; (C) pH 7.40/HCO3- 24/PCO2 40; (D) pH 7.32/HCO3- 30/PCO2 60; (E) pH 7.31/HCO3- 16/PCO2 33.,,"Bộ giá trị máu động mạch nào mô tả một người nghiện thuốc lá nặng có tiền sử khí thũng và viêm phế quản mạn, và ngủ gà ngày càng nhiều?",(A),(B),(C),(D),(E),,d,"Tiền sử gợi ý COPD là nguyên nhân gây toan hô hấp. Do COPD, thông khí giảm, CO2 bị giữ lại, [H+] và [HCO3-] tăng lên; [HCO3-] tăng thêm do thận bù trừ cho toan hô hấp (tăng tái hấp thu HCO3-, thuận lợi hơn bởi PCO2 cao) — khớp với (D) pH 7.32/HCO3- 30/PCO2 60 (toan hô hấp có bù thận một phần)."
sly-than-031,sinh-ly,Rối loạn toan-kiềm: bài tập khí máu,Thận,Bảng giá trị khí máu động mạch (A) pH 7.65/HCO3- 48/PCO2 45; (B) pH 7.50/HCO3- 15/PCO2 20; (C) pH 7.40/HCO3- 24/PCO2 40; (D) pH 7.32/HCO3- 30/PCO2 60; (E) pH 7.31/HCO3- 16/PCO2 33.,,Bộ giá trị máu động mạch nào mô tả một bệnh nhân bị kiềm hô hấp có bù một phần sau 1 tháng thở máy?,(A),(B),(C),(D),(E),,b,"Kiềm hô hấp biểu thị giảm PCO2 (nguyên nhân) và giảm [H+], [HCO3-] do tác động khối lượng. [HCO3-] tiếp tục giảm do thận bù trừ mạn tính (giảm tái hấp thu HCO3-) — khớp với (B) pH 7.50/HCO3- 15/PCO2 20."
sly-than-032,sinh-ly,Rối loạn toan-kiềm: bài tập khí máu,Thận,Bảng giá trị khí máu động mạch (A) pH 7.65/HCO3- 48/PCO2 45; (B) pH 7.50/HCO3- 15/PCO2 20; (C) pH 7.40/HCO3- 24/PCO2 40; (D) pH 7.32/HCO3- 30/PCO2 60; (E) pH 7.31/HCO3- 16/PCO2 33.,,Bộ các giá trị máu động mạch nào mô tả bệnh nhân suy thận mạn (ăn chế độ protein bình thường) và giảm bài tiết NH4+ qua nước tiểu?,(A),(B),(C),(D),(E),,e,"Ở bệnh nhân suy thận mạn ăn protein bình thường, acid cố định vẫn được tạo ra từ dị hóa protein, nhưng thận suy không sản xuất đủ NH4+ để bài xuất hết acid cố định, dẫn đến toan chuyển hóa có bù hô hấp — khớp với (E) pH 7.31/HCO3- 16/PCO2 33."
sly-than-033,sinh-ly,Rối loạn toan-kiềm: bài tập khí máu,Thận,Bảng giá trị khí máu động mạch (A) pH 7.65/HCO3- 48/PCO2 45; (B) pH 7.50/HCO3- 15/PCO2 20; (C) pH 7.40/HCO3- 24/PCO2 40; (D) pH 7.32/HCO3- 30/PCO2 60; (E) pH 7.31/HCO3- 16/PCO2 33.,,Bộ giá trị máu động mạch nào mô tả một bệnh nhân đái tháo đường không được điều trị và tăng bài tiết NH4+ qua nước tiểu?,(A),(B),(C),(D),(E),,e,"Đái tháo đường không điều trị dẫn đến sản xuất acid keto (acid cố định), gây toan chuyển hóa. NH4+ bài xuất qua niệu tăng do phản ứng thích nghi tăng tổng hợp NH3 ở thận để đáp ứng toan chuyển hóa — khớp với (E) pH 7.31/HCO3- 16/PCO2 33."
sly-than-034,sinh-ly,Rối loạn toan-kiềm: bài tập khí máu,Thận,Bảng giá trị khí máu động mạch (A) pH 7.65/HCO3- 48/PCO2 45; (B) pH 7.50/HCO3- 15/PCO2 20; (C) pH 7.40/HCO3- 24/PCO2 40; (D) pH 7.32/HCO3- 30/PCO2 60; (E) pH 7.31/HCO3- 16/PCO2 33.,,Bộ giá trị máu động mạch nào mô tả một bệnh nhân có bệnh sử nôn 5 ngày?,(A),(B),(C),(D),(E),,a,"Tiền sử nôn (không kèm thông tin khác) cho thấy mất H+ ở dạ dày, gây kiềm chuyển hóa có bù trừ hô hấp — khớp với (A) pH 7.65/HCO3- 48/PCO2 45."
sly-than-035,sinh-ly,Sơ đồ nephron & vận chuyển dọc ống thận,Thận,"Sơ đồ nephron với 5 vị trí đánh dấu: A (khoang Bowman/đầu ống lượn gần), B (cuối ống lượn gần/nhánh xuống quai Henle), C (đáy quai Henle), D (nhánh lên quai Henle/ống lượn xa), E (ống góp).",/images/sinh-ly/than-so-do-nephron.png,"Tại vị trí nào của nephron, lượng K+ trong dịch ống vượt quá lượng K+ được lọc ở người có chế độ ăn nhiều K+?",Vị trí A,Vị trí B,Vị trí C,Vị trí D,Vị trí E,,e,"K+ được bài tiết ở cuối ống lượn xa và ống góp (vị trí E). Vì bài tiết này chịu ảnh hưởng của K+ trong chế độ ăn, người ăn nhiều K+ có thể bài tiết nhiều K+ vào nước tiểu hơn lượng đã lọc. Ở các vị trí khác, lượng K+ trong ống bằng (vị trí A) hoặc ít hơn lượng đã lọc (do K+ được tái hấp thu ở ống lượn gần và quai Henle)."
sly-than-036,sinh-ly,Sơ đồ nephron & vận chuyển dọc ống thận,Thận,"Sơ đồ nephron với 5 vị trí đánh dấu: A (khoang Bowman/đầu ống lượn gần), B (cuối ống lượn gần/nhánh xuống quai Henle), C (đáy quai Henle), D (nhánh lên quai Henle/ống lượn xa), E (ống góp).",/images/sinh-ly/than-so-do-nephron.png,Tại vị trí nephron nào mà áp suất thẩm thấu của dịch ống/huyết tương (TF/P) thấp nhất ở một người bị thiếu nước?,Vị trí A,Vị trí B,Vị trí C,Vị trí D,Vị trí E,,d,"Người thiếu nước có ADH tuần hoàn cao. TF/P thẩm thấu = 1,0 suốt ống lượn gần bất kể tình trạng ADH. Khi có ADH, TF/P lớn hơn 1,0 tại C và E do cân bằng với gradient thẩm thấu vỏ tủy. Tại D (nhánh lên dày), dịch trong ống bị pha loãng vì NaCl được tái hấp thu mà không có nước đi kèm, làm TF/P nhỏ hơn 1,0 — đây là điểm thấp nhất."
sly-than-037,sinh-ly,Sơ đồ nephron & vận chuyển dọc ống thận,Thận,"Sơ đồ nephron với 5 vị trí đánh dấu: A (khoang Bowman/đầu ống lượn gần), B (cuối ống lượn gần/nhánh xuống quai Henle), C (đáy quai Henle), D (nhánh lên quai Henle/ống lượn xa), E (ống góp).",/images/sinh-ly/than-so-do-nephron.png,Tại vị trí nephron nào nồng độ inulin trong dịch ống thận cao nhất trong quá trình chống bài niệu?,Vị trí A,Vị trí B,Vị trí C,Vị trí D,Vị trí E,,e,"Inulin không được tái hấp thu hay bài tiết, nhưng nước liên tục được tái hấp thu dọc nephron (đặc biệt ở ống góp dưới tác dụng ADH khi chống bài niệu), làm cô đặc inulin còn lại trong lòng ống ngày càng nhiều — nồng độ cao nhất ở vị trí cuối cùng, ống góp (E)."
sly-than-038,sinh-ly,Sơ đồ nephron & vận chuyển dọc ống thận,Thận,"Sơ đồ nephron với 5 vị trí đánh dấu: A (khoang Bowman/đầu ống lượn gần), B (cuối ống lượn gần/nhánh xuống quai Henle), C (đáy quai Henle), D (nhánh lên quai Henle/ống lượn xa), E (ống góp).",/images/sinh-ly/than-so-do-nephron.png,Tại vị trí nephron nào nồng độ inulin trong dịch ống thận thấp nhất?,Vị trí A,Vị trí B,Vị trí C,Vị trí D,Vị trí E,,a,"Ở khoang Bowman (A), dịch lọc vừa được hình thành, chưa có sự tái hấp thu nước nào xảy ra để cô đặc inulin, nên nồng độ inulin ở đây bằng nồng độ huyết tương — thấp nhất so với các vị trí sau (nơi nước liên tục được tái hấp thu làm cô đặc dần inulin còn lại)."
sly-than-039,sinh-ly,Sơ đồ nephron & vận chuyển dọc ống thận,Thận,"Sơ đồ nephron với 5 vị trí đánh dấu: A (khoang Bowman/đầu ống lượn gần), B (cuối ống lượn gần/nhánh xuống quai Henle), C (đáy quai Henle), D (nhánh lên quai Henle/ống lượn xa), E (ống góp).",/images/sinh-ly/than-so-do-nephron.png,Nồng độ glucose trong dịch ống thận cao nhất ở vị trí nào của nephron?,Vị trí A,Vị trí B,Vị trí C,Vị trí D,Vị trí E,,,"[Mâu thuẫn nguồn: đáp án tô đỏ trong đề gốc là (E), nhưng phần giải thích đi kèm lại viết ""Glucose được tái hấp thu nhiều ở đầu ống lượn gần... Nồng độ glucose trong dịch ống thận cao nhất trong khoang Bowman trước khi bất kỳ sự tái hấp thu nào xảy ra"" — tức ủng hộ đáp án (A), không phải (E). Về mặt sinh lý, glucose được lọc tự do rồi tái hấp thu gần như hoàn toàn ngay ở ống lượn gần nên nồng độ phải giảm dần từ vị trí A và duy trì ở mức thấp/gần 0 từ đó về sau, không có lý do tăng trở lại ở E. Do mâu thuẫn giữa đáp án tô đỏ và lời giải, để trống chờ rà soát lại nguồn gốc."
sly-than-040,sinh-ly,Sơ đồ nephron & vận chuyển dọc ống thận,Thận,"Biểu đồ dưới đây mô tả 4 đường cong A, B, C, D thể hiện % lượng chất còn lại trong dịch ống thận dọc theo nephron (Bowman → ống lượn gần → ống lượn xa → niệu).",/images/sinh-ly/than-do-thi-tai-loc.png,Đường cong nào mô tả đồ thị inulin dọc theo nephron?,Đường cong A,Đường cong B,Đường cong C,Đường cong D,,,c,Inulin không được tái hấp thu hay bài tiết nên % lượng còn lại trong ống luôn bằng 100% (đường thẳng ngang) suốt chiều dài nephron — khớp với đường cong C.
sly-than-041,sinh-ly,Sơ đồ nephron & vận chuyển dọc ống thận,Thận,"Biểu đồ dưới đây mô tả 4 đường cong A, B, C, D thể hiện % lượng chất còn lại trong dịch ống thận dọc theo nephron (Bowman → ống lượn gần → ống lượn xa → niệu).",/images/sinh-ly/than-do-thi-tai-loc.png,Đường cong nào mô tả đồ thị alanine dọc theo nephron?,Đường cong A,Đường cong B,Đường cong C,Đường cong D,,,a,"Alanine, giống glucose, được tái hấp thu mạnh mẽ ngay ở đầu ống lượn gần nhờ đồng vận chuyển Na+-acid amin, nên % lượng còn lại giảm nhanh chóng dọc theo ống lượn gần — khớp với đường cong A."
sly-than-042,sinh-ly,Sơ đồ nephron & vận chuyển dọc ống thận,Thận,"Biểu đồ dưới đây mô tả 4 đường cong A, B, C, D thể hiện % lượng chất còn lại trong dịch ống thận dọc theo nephron (Bowman → ống lượn gần → ống lượn xa → niệu).",/images/sinh-ly/than-do-thi-tai-loc.png,Đường cong nào mô tả đồ thị acid para-aminohippuric (PAH) dọc theo nephron?,Đường cong A,Đường cong B,Đường cong C,Đường cong D,,,d,"PAH được lọc rồi còn được bài tiết thêm vào dịch ống ở ống lượn gần, nên lượng PAH trong ống tăng vượt quá 100% lượng đã lọc ban đầu — khớp với đường cong D (đường tăng lên)."
sly-than-043,sinh-ly,Sơ đồ nephron & vận chuyển dọc ống thận,Thận,,,Một cậu bé 5 tuổi nuốt phải một lọ Aspirin (acid salicylic) và được cấp cứu tại phòng cấp cứu. Việc điều trị tạo ra sự thay đổi độ pH trong nước tiểu làm tăng bài tiết acid salicylic. Sự thay đổi độ pH trong nước tiểu là gì và cơ chế tăng bài tiết acid salicylic là gì?,"Acid hóa, chuyển acid salicylic thành dạng HA của nó","Kiềm hóa, chuyển acid salicylic thành dạng A- của nó","Acid hóa, chuyển acid salicylic thành dạng A- của nó","Kiềm hóa, chuyển acid salicylic thành dạng HA của nó",,,b,"Kiềm hóa nước tiểu (bằng truyền bicarbonate) chuyển nhiều acid salicylic thành dạng ion hóa A-. Dạng A- tích điện, không thể khuếch tán ngược từ nước tiểu vào máu (bẫy ion - ""ion trapping""), nên bị giữ lại trong nước tiểu và bài tiết ra ngoài nhiều hơn — đây là nguyên lý điều trị ngộ độc salicylat/aspirin."
sly-than-044,sinh-ly,Câu hỏi ôn tập ngắn,Thận,,,"Thận có các chức năng sau đây, trừ:",Tham gia điều hoà các thành phần nội môi.,Tham gia điều hoà huyết áp.,Tham gia điều hoà cân bằng acid - base.,Tham gia điều hoà chức năng nội tiết.,Tham gia điều hoà sản sinh hồng cầu.,,d,
sly-than-045,sinh-ly,Câu hỏi ôn tập ngắn,Thận,,,Chức năng của nephron trong quá trình bài tiết nước tiểu:,Lọc và bài tiết các chất không cần thiết ra khỏi cơ thể.,Lọc các chất không cần thiết ra khỏi máu và tái hấp thu các chất cần thiết trở lại máu.,"Lọc và bài tiết các chất không cần thiết ra khỏi cơ thể, tái hấp thu các chất cần thiết trở lại máu.","Lọc và bài tiết các chất không cần thiết ra khỏi cơ thể, tái hấp thu nước trở lại máu.",,,c,
sly-than-046,sinh-ly,Câu hỏi ôn tập ngắn,Thận,,,Quá trình lọc xảy ra ở:,Mao mạch cầu thận.,Mao mạch quanh ống thận.,Mao mạch cầu thận và mao mạch quanh ống thận.,Toàn bộ các phần của ống thận.,,,a,
sly-than-047,sinh-ly,Câu hỏi ôn tập ngắn,Thận,,,Cấu tạo mao mạch và áp suất mao mạch ở thận rất phù hợp với chức năng tạo nước tiểu được thể hiện ở đặc điểm:,Mạng lưới mao mạch dày đặc quanh cầu thận và ống thận.,"Mao mạch cầu thận có áp suất thấp, mao mạch quanh ống thận có áp suất cao.","Mao mạch cầu thận có áp suất cao, mao mạch quanh ống thận có áp suất thấp.",Mạch máu vùng tuỷ thận là những mạch thẳng (vasa recta).,,,c,
sly-than-048,sinh-ly,Câu hỏi ôn tập ngắn,Thận,,,Dịch lọc cầu thận:,Thành phần như huyết tương trong máu động mạch.,Nồng độ ion giống trong máu động mạch.,Thành phần ion không giống huyết tương trong máu động mạch.,Có pH bằng pH của huyết tương.,Thành phần protein giống như huyết tương.,,d,
sly-than-049,sinh-ly,Câu hỏi ôn tập ngắn,Thận,,,Các áp suất có tác dụng đẩy nước và các chất hoà tan từ mao mạch cầu thận vào bao Bowman:,Áp suất keo trong bao Bowman và áp suất thuỷ tĩnh trong mao mạch cầu thận.,Áp suất thuỷ tĩnh trong bao Bowman và áp suất keo trong mao mạch cầu thận.,Áp suất keo trong mao mạch cầu thận và áp suất keo trong bao Bowman.,Áp suất thuỷ tĩnh trong mao mạch cầu thận và áp suất thuỷ tĩnh trong bao Bowman.,,,a,
sly-than-050,sinh-ly,Câu hỏi ôn tập ngắn,Thận,,,Áp suất có tác dụng ngăn cản quá trình lọc cầu thận:,Áp suất thuỷ tĩnh trong mao mạch cầu thận và áp suất thuỷ tĩnh trong bao Bowman.,Áp suất thuỷ tĩnh trong mao mạch cầu thận và áp suất keo trong mao mạch cầu thận.,Áp suất thuỷ tĩnh trong mao mạch cầu thận và áp suất keo trong bao Bowman.,Áp suất thuỷ tĩnh trong bao Bowman và áp suất keo trong mao mạch cầu thận.,Áp suất keo trong mao mạch cầu thận và áp suất keo trong bao Bowman.,,d,
sly-than-051,sinh-ly,Câu hỏi ôn tập ngắn,Thận,,,Lưu lượng lọc cầu thận tăng khi:,Kích thích thần kinh giao cảm.,Tiểu động mạch đi co mạnh.,Tiểu động mạch đến giãn.,Tiểu động mạch đi giãn.,,,c,
sly-than-052,sinh-ly,Câu hỏi ôn tập ngắn,Thận,,,Cơ chế tự điều hoà lưu lượng lọc cầu thận là:,Sự kết hợp hai cơ chế feedback (-) làm giãn tiểu động mạch đến và co tiểu động mạch đi.,Sự kết hợp hai cơ chế feedback (+) làm giãn tiểu động mạch đến và co tiểu động mạch đi.,Sự kết hợp một cơ chế feedback (-) với một cơ chế feedback (+) làm giãn tiểu động mạch đến và co tiểu động mạch đi.,Do các tế bào cận cầu thận bài tiết renin vào máu để tổng hợp angiotensin.,Do các tế bào Macula densa đảm nhận.,,a,
sly-than-053,sinh-ly,Câu hỏi ôn tập ngắn,Thận,,,ADH làm tăng tái hấp thu nước ở:,ống lượn gần và ống lượn xa.,ống lượn gần và quai Henlé.,ống lượn xa và ống góp.,ống góp vùng vỏ và ống lượn xa.,ống góp vùng tuỷ và ống lượn xa.,,c,
sly-than-054,sinh-ly,Câu hỏi ôn tập ngắn,Thận,,,Lượng dịch lọc được tái hấp thu nhiều nhất ở:,ống lượn gần.,Quai Henlé.,ống lượn xa.,ống góp vùng vỏ.,ống góp vùng tuỷ.,,a,
sly-than-055,sinh-ly,Câu hỏi ôn tập ngắn,Thận,,,Nếu hệ số lọc sạch của một chất ít hơn hệ số lọc sạch của inulin thì:,Chất đó được bài tiết ở ống lượn gần nhiều hơn ở ống lượn xa.,Chất đó được tái hấp thu ở ống thận.,Chất đó được bài tiết ở ống thận.,"Chất đó vừa được bài tiết, vừa được tái hấp thu ở ống thận.",,,b,
sly-than-056,sinh-ly,Câu hỏi ôn tập ngắn,Thận,,,Tái hấp thu glucose xảy ra ở:,ống lượn gần.,Quai Henlé.,ống lượn xa.,ống góp vùng vỏ.,ống góp vùng tuỷ.,,a,
sly-than-057,sinh-ly,Câu hỏi ôn tập ngắn,Thận,,,Aldosteron gây ảnh hưởng lớn nhất lên:,Tái hấp thu Na+ ở ống lượn gần.,Tái hấp thu Na+ ở phần mỏng quai Henlé.,Tái hấp thu Na+ ở phần dày quai Henlé.,Tái hấp thu Na+ ở ống góp.,Tái hấp thu Na+ ở ống lượn xa.,,e,
sly-than-058,sinh-ly,Câu hỏi ôn tập ngắn,Thận,,,Tái hấp thu glucose theo cơ chế:,"Vận chuyển tích cực thứ phát (đồng vận chuyển với Na+) ở bờ diềm bàn chải vào trong tế bào, sau đó khuếch tán thuận hoá qua bờ bên và bờ đáy.","Vận chuyển tích cực thứ phát (vận chuyển ngược với Na+) ở bờ diềm bàn chải vào trong tế bào, sau đó khuếch tán thuận hoá qua bờ bên và bờ đáy.","Khuếch tán thuận hoá qua bờ diềm bàn chải, sau đó vận chuyển tích cực thứ phát (đồng vận chuyển với Na+) qua bờ bên và bờ đáy.","Khuếch tán thuận hoá qua bờ diềm bàn chải, sau đó vận chuyển tích cực thứ phát (vận chuyển ngược với Na+) qua bờ bên và bờ đáy.","Vận chuyển tích cực nguyên phát qua bờ diềm bàn chải, sau đó vận chuyển tích cực thứ phát (đồng vận chuyển với Na+) qua bờ bên và bờ đáy.",,a,
sly-than-059,sinh-ly,Câu hỏi ôn tập ngắn,Thận,,,Tái hấp thu Na+ ở ống lượn gần theo cơ chế:,"Vận chuyển tích cực nguyên phát từ lòng ống vào tế bào, khuếch tán thuận hoá từ tế bào vào dịch kẽ.","Khuếch tán đơn thuần từ lòng ống vào tế bào, vận chuyển tích cực thứ phát từ tế bào vào dịch kẽ.","Khuếch tán thuận hoá từ lòng ống vào tế bào, vận chuyển tích cực nguyên phát từ tế bào vào dịch kẽ.","Vận chuyển tích cực nguyên phát từ lòng ống vào tế bào, vận chuyển tích cực thứ phát từ tế bào vào dịch kẽ.","Khuếch tán đơn thuần từ lòng ống vào tế bào, khuếch tán thuận hoá từ tế bào vào dịch kẽ.",,c,
sly-than-060,sinh-ly,Câu hỏi ôn tập ngắn,Thận,,,Tái hấp thu ở quai Henle:,"Ngành xuống tái hấp thu Na+, ngành lên tái hấp thu nước và urê.","Ngành xuống tái hấp thu nước và urê, ngành lên tái hấp thu Na+.","Ngành xuống tái hấp thu Na+ và urê, ngành lên tái hấp thu nước.","Ngành xuống tái hấp thu nước, ngành lên tái hấp thu Na+ và urê.",,,b,
sly-than-061,sinh-ly,Câu hỏi ôn tập ngắn,Thận,,,"Nồng độ của một chất trong huyết tương là 0,2 mg/1ml; trong nước tiểu là 2mg/ml; lượng nước tiểu là 2 ml/min. Hệ số lọc sạch đúng của chất đó là:",2 ml/min.,10 ml/min.,20 ml/min.,100 ml/min.,200 ml/min.,,c,
sly-than-062,sinh-ly,Câu hỏi ôn tập ngắn,Thận,,,Ở một phụ nữ khả năng thải của thận đối với glucose là 350mg/min thì lượng glucose bị mất theo nước tiểu là:,0 mg/min.,50 mg/min.,220 mg/min.,225 mg/min.,320 mg/min.,,b,
sly-than-063,sinh-ly,Câu hỏi ôn tập ngắn,Thận,,,Có một lượng rất ít protein trong dịch lọc cầu thận là vì:,Các phân tử protein huyết tương đều quá lớn so với kích thước của lỗ lọc.,Điện tích âm của lỗ lọc đã đẩy lùi các phân tử protein huyết tương.,Do kích thước của lỗ lọc và điện tích âm của lỗ lọc.,Do điện tích dương của lỗ lọc hút và giữ lại các phân tử protein.,,,c,
sly-than-064,sinh-ly,Câu hỏi ôn tập ngắn,Thận,,,Một chất được dùng để đánh giá chức năng lọc cầu thận khi:,"Được lọc hoàn toàn qua cầu thận, không được tái hấp thu và bài tiết ở ống thận.","Được lọc hoàn toàn qua cầu thận, được tái hấp thu nhưng không được bài tiết ở ống thận.","Được lọc hoàn toàn qua cầu thận, không được tái hấp thu nhưng được bài tiết ở ống thận.","Được lọc hoàn toàn qua cầu thận, được tái hấp thu và được bài tiết ở ống thận.",,,a,
sly-than-065,sinh-ly,Câu hỏi ôn tập ngắn,Thận,,,Một chất được dùng để đánh giá chức năng bài tiết khi:,"Được lọc hoàn toàn qua cầu thận, không được tái hấp thu và bài tiết ở ống thận.","Được lọc hoàn toàn qua cầu thận, được tái hấp thu mà không được bài tiết ở ống thận.","Được lọc hoàn toàn qua cầu thận, không được tái hấp thu, được bài tiết ở ống thận.","Được lọc hoàn toàn qua cầu thận, được tái hấp thu và được bài tiết ở ống thận.",,,c,
sly-than-066,sinh-ly,Câu hỏi ôn tập ngắn,Thận,,,Một chất được dùng để đánh giá chức năng tái hấp thu khi:,"Được lọc hoàn toàn qua cầu thận, không được tái hấp thu và bài tiết ở ống thận.","Được lọc hoàn toàn qua cầu thận, được tái hấp thu nhưng không được bài tiết ở ống thận.","Được lọc hoàn toàn qua cầu thận, không được tái hấp thu nhưng được bài tiết ở ống thận.","Được lọc hoàn toàn qua cầu thận, được tái hấp thu và được bài tiết ở ống thận.",,,b,
sly-than-067,sinh-ly,Câu hỏi ôn tập ngắn,Thận,,,Vai trò của thận trong điều hoà cân bằng acid-base là:,Duy trì nồng độ ion bicarbonat trong dịch ngoại bào ở mức hằng định.,Duy trì nồng độ ion H+ trong dịch nội bào ở mức hằng định.,Duy trì nồng độ phosphat trong máu ở mức hằng định.,Duy trì nồng độ ion OH- trong dịch ngoại bào ở mức hằng định.,,,a,
sly-than-068,sinh-ly,Câu hỏi ôn tập ngắn,Thận,,,Khi có rối loạn thăng bằng acid-base thì:,Thận sẽ đưa pH trở lại hoàn toàn bình thường sau vài giây.,Thận sẽ đào thải tới 1000mMol acid hoặc base mỗi ngày.,Thận sẽ đưa pH trở lại bình thường sau vài ngày.,Thận điều chỉnh pH nhanh nhưng không hoàn toàn về bình thường.,,,c,
sly-than-069,sinh-ly,Câu hỏi ôn tập ngắn,Thận,,,Thận có vai trò trong điều hoà pH vì:,Thận bài tiết ion H+ khi nhiễm toan.,Thận bài tiết bicarbonat khi nhiễm toan.,Thận bài tiết Na+ khi nó tái hấp thu ion bicarbonat.,Thận điều hoà pH rất nhanh.,Ở trong ống thận có hệ đệm bicarbonat rất mạnh.,,a,
sly-than-070,sinh-ly,Câu hỏi ôn tập ngắn,Thận,,,Erythropoietin:,"Là một glycoprotein có trọng lượng phân tử 34.000 do gan, thận, lách và tuỷ xương sản xuất.",Là một hormon do thận bài tiết có tác dụng kích thích sản sinh hồng cầu.,Được sản xuất chậm khi các mô bị thiếu oxy vài ngày.,Nó kích thích làm tăng quá trình tổng hợp Hb trong bào tương nhưng làm giảm quá trình vận động của hồng cầu lưới trong máu ngoại vi.,,,b,
sly-than-071,sinh-ly,Câu hỏi ôn tập ngắn,Thận,,,Cơ chế lọc ở cầu thận:,PB giữ nước và các chất hoà tan ở lại bao Bowman.,PK đẩy nước và các chất hoà tan ra khỏi mạch máu.,PH và PK đẩy nước và các chất hoà tan từ mạch máu vào bao Bowman.,PH đẩy nước và các chất hoà tan ra khỏi mạch máu.,PK và PH đều giữ nước và các chất hoà tan ở lại mạch máu.,,d,
sly-than-072,sinh-ly,Câu hỏi ôn tập ngắn,Thận,,,Các yếu tố ảnh hưởng đến lưu lượng lọc cầu thận:,"Giãn tiểu động mạch đến, giãn tiểu động mạch đi làm tăng lưu lượng lọc.","Giãn tiểu động mạch đến, co tiểu động mạch đi làm tăng lưu lượng lọc.",Kích thích thần kinh giao cảm làm tăng lưu lượng lọc.,Co cả tiểu động mạch đến và tiểu động mạch đi làm tăng lưu lượng lọc.,Huyết áp động mạch hệ thống giảm làm tăng lưu lượng lọc.,,b,
sly-than-073,sinh-ly,Câu hỏi ôn tập ngắn,Thận,,,Dịch lọc cầu thận:,Có thành phần như huyết tương trong máu động mạch.,Có thành phần protein như huyết tương.,Có thành phần giống dịch bạch huyết thu nhận từ ống ngực.,Có cùng áp suất thẩm thấu với huyết tương.,Có thành phần không giống với huyết tương trong máu động mạch.,,d,
sly-than-074,sinh-ly,Câu hỏi ôn tập ngắn,Thận,,,Tái hấp thu glucose ở ống thận:,Glucose được tái hấp thu ở tất cả các đoạn của ống thận.,Glucose được tái hấp thu ở ống lượn gần.,Glucose được tái hấp thu ở ống lượn gần và ống lượn xa.,Glucose được tái hấp thu hoàn toàn ở ống thận khi nồng độ trong máu thấp hơn 160 mg%.,,,b,
sly-than-075,sinh-ly,Câu hỏi ôn tập ngắn,Thận,,,Na+ được tái hấp thu ở:,"ống lượn gần, ngành lên của quai Henlé, ống lượn xa và ống góp.","ống lượn gần, ngành xuống của quai Henlé, ống lượn xa và ống góp.","ống lượn gần, quai Henlé, ống lượn xa và ống góp.","ống lượn gần, ống lượn xa và ống góp.","ở ống lượn gần, ngành lên quai Henlé, ống lượn xa.",,a,
sly-than-076,sinh-ly,Câu hỏi ôn tập ngắn,Thận,,,Aldosteron làm tăng tái hấp thu Na+ ở:,Ngành xuống của quai Henlé.,Ngành lên của quai Henlé.,ống lượn gần.,ống lượn xa.,,,d,
sly-than-077,sinh-ly,Câu hỏi ôn tập ngắn,Thận,,,"Một người bình thường sau khi uống 1000 ml NaCl 0,9% thì:",Thể tích nước tiểu tăng.,áp suất thẩm thấu của nước tiểu tăng.,áp suất thẩm thấu của huyết tương tăng.,Tăng bài tiết ADH.,Tăng bài tiết aldosteron.,,a,
sly-than-078,sinh-ly,Câu hỏi ôn tập ngắn,Thận,,,Nước được tái hấp thu chủ yếu ở:,ống lượn gần theo cơ chế thụ động.,Ngành xuống của quai Henle theo cơ chế thụ động.,Ngành lên của quai Henle theo cơ chế thụ động.,ống lượn xa dưới tác dụng của ADH.,ống góp dưới tác dụng của ADH.,,a,
sly-than-079,sinh-ly,Câu hỏi ôn tập ngắn,Thận,,,Hormon nào sau đây do thận bài tiết:,"Angiotensinogen, renin.","Cortisol, ADH.","Aldosteron, erythropoietin.","ADH, aldosteron.","Renin, erythropoietin.",,e,
sly-than-080,sinh-ly,Câu hỏi ôn tập ngắn,Thận,,,"Nồng độ của một chất trong huyết tương là 0,1mg/1ml; trong nước tiểu là 1 mg/1ml, lượng nước tiểu là 2ml/phút. Hệ số lọc sạch đúng của chất đó:",2 ml/ phút.,10 ml/ phút.,20 ml/ phút.,100 ml/ phút.,200 ml/ phút.,,c,
sly-than-081,sinh-ly,Câu hỏi ôn tập ngắn,Thận,,,Aldosteron trong máu tăng dẫn đến:,Tăng tái hấp thu ion HCO3- ở ống thận.,Tăng thể tích nước tiểu.,Tăng bài tiết nước và ion Na+ ở ống thận.,Tăng lưu lượng lọc ở cầu thận.,Tăng tái hấp thu ion Na+ và bài tiết ion K+ ở ống thận.,,e,
sly-than-082,sinh-ly,Câu hỏi ôn tập ngắn,Thận,,,Mức vận chuyển tối đa (Tm) của một chất là:,Mức tối đa chất đó có thể được lọc.,Mức tối đa chất đó có thể được tái hấp thu hoặc được bài tiết.,Mức tối đa chất đó có thể được pha loãng trong nước tiểu.,Mức tối đa chất đó có thể được cô đặc trong nước tiểu.,Mức tối đa chất đó có thể được bài xuất theo nước tiểu.,,b,
sly-than-083,sinh-ly,Câu hỏi ôn tập ngắn,Thận,,,Yếu tố nào sau đây thể hiện vai trò của thận trong tạo hồng cầu:,Thận tái hấp thu các chất tham gia tạo hồng cầu.,Bản thân thận là một cơ quan sản sinh hồng cầu từ tế bào gốc.,Thận bài tiết erythropoietin để thúc đẩy việc sản sinh hồng cầu của tuỷ xương.,Thận cung cấp các yếu tố cần thiết để tạo hồng cầu.,,,c,
